TIME,ARB
0,0
1.92308E-06,0.2149
3.84615E-06,-0.3973
5.76923E-06,0.4404
7.69231E-06,-0.4008
9.61538E-06,0.4082
1.15385E-05,-0.4295
1.34615E-05,0.4082
1.53846E-05,-0.4295
1.73077E-05,0.414
1.92308E-05,-0.4018
2.11538E-05,0.3867
2.30769E-05,-0.4295
0.000025,0.4032
2.69231E-05,-0.3865
2.88462E-05,0.3867
3.07692E-05,-0.3968
3.26923E-05,0.352
3.46154E-05,-0.4078
3.65385E-05,0.3652
3.84615E-05,-0.3597
4.03846E-05,0.3545
4.23077E-05,-0.3328
4.42308E-05,0.3385
4.61538E-05,-0.3534
4.80769E-05,0.3224
0.00005,-0.3643
5.19231E-05,0.3424
5.38462E-05,-0.3221
5.57692E-05,0.3223
5.76923E-05,-0.2899
5.96154E-05,0.2578
6.15385E-05,-0.2899
6.34615E-05,0.2041
6.53846E-05,-0.2202
6.73077E-05,0.2239
6.92308E-05,-0.1717
7.11538E-05,0.2285
7.30769E-05,-0.1645
0.000075,0.2578
7.69231E-05,-0.5
7.88462E-05,0.1827
8.07692E-05,0.2793
8.26923E-05,-0.3436
8.46154E-05,0.3652
8.65385E-05,-0.4295
8.84615E-05,0.4082
9.03846E-05,-0.3758
9.23077E-05,0.3437
9.42308E-05,-0.4197
9.61538E-05,0.4189
9.80769E-05,-0.3752
0.0001,0
0.000101923,0.2149
0.000103846,-0.3973
0.000105769,0.4404
0.000107692,-0.4008
0.000109615,0.4082
0.000111538,-0.4295
0.000113462,0.4082
0.000115385,-0.4295
0.000117308,0.414
0.000119231,-0.4018
0.000121154,0.3867
0.000123077,-0.4295
0.000125,0.4032
0.000126923,-0.3865
0.000128846,0.3867
0.000130769,-0.3968
0.000132692,0.352
0.000134615,-0.4078
0.000136538,0.3652
0.000138462,-0.3597
0.000140385,0.3545
0.000142308,-0.3328
0.000144231,0.3385
0.000146154,-0.3534
0.000148077,0.3224
0.00015,-0.3643
0.000151923,0.3424
0.000153846,-0.3221
0.000155769,0.3223
0.000157692,-0.2899
0.000159615,0.2578
0.000161538,-0.2899
0.000163462,0.2041
0.000165385,-0.2202
0.000167308,0.2239
0.000169231,-0.1717
0.000171154,0.2285
0.000173077,-0.1645
0.000175,0.2578
0.000176923,-0.5
0.000178846,0.1827
0.000180769,0.2793
0.000182692,-0.3436
0.000184615,0.3652
0.000186538,-0.4295
0.000188462,0.4082
0.000190385,-0.3758
0.000192308,0.3437
0.000194231,-0.4197
0.000196154,0.4189
0.000198077,-0.3752
0.0002,0
0.000201923,0
0.000203846,0
0.000205769,0
0.000207692,0
0.000209615,0
0.000211538,0
0.000213462,0
0.000215385,0.2149
0.000217308,-0.3973
0.000219231,0.4404
0.000221154,-0.4008
0.000223077,0.4082
0.000225,-0.4295
0.000226923,0.4082
0.000228846,-0.4295
0.000230769,0.414
0.000232692,-0.4018
0.000234615,0.3867
0.000236538,-0.4295
0.000238462,0.4032
0.000240385,-0.3865
0.000242308,0.3867
0.000244231,-0.3968
0.000246154,0.352
0.000248077,-0.4078
0.00025,0.3652
0.000251923,-0.3597
0.000253846,0.3545
0.000255769,-0.3328
0.000257692,0.3385
0.000259615,-0.3534
0.000261538,0.3224
0.000263462,-0.3643
0.000265385,0.3424
0.000267308,-0.3221
0.000269231,0.3223
0.000271154,-0.2899
0.000273077,0.2578
0.000275,-0.2899
0.000276923,0.2041
0.000278846,-0.2202
0.000280769,0.2239
0.000282692,-0.1717
0.000284615,0.2285
0.000286538,-0.1645
0.000288462,0.2578
0.000290385,-0.5
0.000292308,0.1827
0.000294231,0.2793
0.000296154,-0.3436
0.000298077,0.3652
0.0003,-0.4295
0.000301923,0.4082
0.000303846,-0.3758
0.000305769,0.3437
0.000307692,-0.4197
0.000309615,0.4189
0.000311538,-0.3752
0.000313462,0
0.000315385,0
0.000317308,0
0.000319231,0
0.000321154,0
0.000323077,0
0.000325,0
0.000326923,0
0.000328846,0.2149
0.000330769,-0.3973
0.000332692,0.4404
0.000334615,-0.4008
0.000336538,0.4082
0.000338462,-0.4295
0.000340385,0.4082
0.000342308,-0.4295
0.000344231,0.414
0.000346154,-0.4018
0.000348077,0.3867
0.00035,-0.4295
0.000351923,0.4032
0.000353846,-0.3865
0.000355769,0.3867
0.000357692,-0.3968
0.000359615,0.352
0.000361538,-0.4078
0.000363462,0.3652
0.000365385,-0.3597
0.000367308,0.3545
0.000369231,-0.3328
0.000371154,0.3385
0.000373077,-0.3534
0.000375,0.3224
0.000376923,-0.3643
0.000378846,0.3424
0.000380769,-0.3221
0.000382692,0.3223
0.000384615,-0.2899
0.000386538,0.2578
0.000388462,-0.2899
0.000390385,0.2041
0.000392308,-0.2202
0.000394231,0.2239
0.000396154,-0.1717
0.000398077,0.2285
0.0004,-0.1645
0.000401923,0.2578
0.000403846,-0.5
0.000405769,0.1827
0.000407692,0.2793
0.000409615,-0.3436
0.000411538,0.3652
0.000413462,-0.4295
0.000415385,0.4082
0.000417308,-0.3758
0.000419231,0.3437
0.000421154,-0.4197
0.000423077,0.4189
0.000425,-0.3752
0.000426923,0
0.000428846,0
0.000430769,0
0.000432692,0
0.000434615,0
0.000436538,0
0.000438462,0
0.000440385,0
0.000442308,0.2149
0.000444231,-0.3973
0.000446154,0.4404
0.000448077,-0.4008
0.00045,0.4082
0.000451923,-0.4295
0.000453846,0.4082
0.000455769,-0.4295
0.000457692,0.414
0.000459615,-0.4018
0.000461538,0.3867
0.000463462,-0.4295
0.000465385,0.4032
0.000467308,-0.3865
0.000469231,0.3867
0.000471154,-0.3968
0.000473077,0.352
0.000475,-0.4078
0.000476923,0.3652
0.000478846,-0.3597
0.000480769,0.3545
0.000482692,-0.3328
0.000484615,0.3385
0.000486538,-0.3534
0.000488462,0.3224
0.000490385,-0.3643
0.000492308,0.3424
0.000494231,-0.3221
0.000496154,0.3223
0.000498077,-0.2899
0.0005,0.2578
0.000501923,-0.2899
0.000503846,0.2041
0.000505769,-0.2202
0.000507692,0.2239
0.000509615,-0.1717
0.000511538,0.2285
0.000513462,-0.1645
0.000515385,0.2578
0.000517308,-0.5
0.000519231,0.1827
0.000521154,0.2793
0.000523077,-0.3436
0.000525,0.3652
0.000526923,-0.4295
0.000528846,0.4082
0.000530769,-0.3758
0.000532692,0.3437
0.000534615,-0.4197
0.000536538,0.4189
0.000538462,-0.3752
0.000540385,0
0.000542308,0
0.000544231,0
0.000546154,0
0.000548077,0
0.00055,0
0.000551923,0
0.000553846,0
0.000555769,0.2149
0.000557692,-0.3973
0.000559615,0.4404
0.000561538,-0.4008
0.000563462,0.4082
0.000565385,-0.4295
0.000567308,0.4082
0.000569231,-0.4295
0.000571154,0.414
0.000573077,-0.4018
0.000575,0.3867
0.000576923,-0.4295
0.000578846,0.4032
0.000580769,-0.3865
0.000582692,0.3867
0.000584615,-0.3968
0.000586538,0.352
0.000588462,-0.4078
0.000590385,0.3652
0.000592308,-0.3597
0.000594231,0.3545
0.000596154,-0.3328
0.000598077,0.3385
0.0006,-0.3534
0.000601923,0.3224
0.000603846,-0.3643
0.000605769,0.3424
0.000607692,-0.3221
0.000609615,0.3223
0.000611538,-0.2899
0.000613462,0.2578
0.000615385,-0.2899
0.000617308,0.2041
0.000619231,-0.2202
0.000621154,0.2239
0.000623077,-0.1717
0.000625,0.2285
0.000626923,-0.1645
0.000628846,0.2578
0.000630769,-0.5
0.000632692,0.1827
0.000634615,0.2793
0.000636538,-0.3436
0.000638462,0.3652
0.000640385,-0.4295
0.000642308,0.4082
0.000644231,-0.3758
0.000646154,0.3437
0.000648077,-0.4197
0.00065,0.4189
0.000651923,-0.3752
0.000653846,0
0.000655769,0
0.000657692,0
0.000659615,0
0.000661538,0
0.000663462,0
0.000665385,0
0.000667308,0
0.000669231,0.2149
0.000671154,-0.3973
0.000673077,0.4404
0.000675,-0.4008
0.000676923,0.4082
0.000678846,-0.4295
0.000680769,0.4082
0.000682692,-0.4295
0.000684615,0.414
0.000686538,-0.4018
0.000688462,0.3867
0.000690385,-0.4295
0.000692308,0.4032
0.000694231,-0.3865
0.000696154,0.3867
0.000698077,-0.3968
0.0007,0.352
0.000701923,-0.4078
0.000703846,0.3652
0.000705769,-0.3597
0.000707692,0.3545
0.000709615,-0.3328
0.000711538,0.3385
0.000713462,-0.3534
0.000715385,0.3224
0.000717308,-0.3643
0.000719231,0.3424
0.000721154,-0.3221
0.000723077,0.3223
0.000725,-0.2899
0.000726923,0.2578
0.000728846,-0.2899
0.000730769,0.2041
0.000732692,-0.2202
0.000734615,0.2239
0.000736538,-0.1717
0.000738462,0.2285
0.000740385,-0.1645
0.000742308,0.2578
0.000744231,-0.5
0.000746154,0.1827
0.000748077,0.2793
0.00075,-0.3436
0.000751923,0.3652
0.000753846,-0.4295
0.000755769,0.4082
0.000757692,-0.3758
0.000759615,0.3437
0.000761538,-0.4197
0.000763462,0.4189
0.000765385,-0.3752
0.000767308,0
0.000769231,0
0.000771154,0
0.000773077,0
0.000775,0
0.000776923,0
0.000778846,0
0.000780769,0
0.000782692,0.2149
0.000784615,-0.3973
0.000786538,0.4404
0.000788462,-0.4008
0.000790385,0.4082
0.000792308,-0.4295
0.000794231,0.4082
0.000796154,-0.4295
0.000798077,0.414
0.0008,-0.4018
0.000801923,0.3867
0.000803846,-0.4295
0.000805769,0.4032
0.000807692,-0.3865
0.000809615,0.3867
0.000811538,-0.3968
0.000813462,0.352
0.000815385,-0.4078
0.000817308,0.3652
0.000819231,-0.3597
0.000821154,0.3545
0.000823077,-0.3328
0.000825,0.3385
0.000826923,-0.3534
0.000828846,0.3224
0.000830769,-0.3643
0.000832692,0.3424
0.000834615,-0.3221
0.000836538,0.3223
0.000838462,-0.2899
0.000840385,0.2578
0.000842308,-0.2899
0.000844231,0.2041
0.000846154,-0.2202
0.000848077,0.2239
0.00085,-0.1717
0.000851923,0.2285
0.000853846,-0.1645
0.000855769,0.2578
0.000857692,-0.5
0.000859615,0.1827
0.000861538,0.2793
0.000863462,-0.3436
0.000865385,0.3652
0.000867308,-0.4295
0.000869231,0.4082
0.000871154,-0.3758
0.000873077,0.3437
0.000875,-0.4197
0.000876923,0.4189
0.000878846,-0.3752
0.000880769,0
0.000882692,0
0.000884615,0
0.000886538,0
0.000888462,0
0.000890385,0
0.000892308,0
0.000894231,0
0.000896154,0.2149
0.000898077,-0.3973
0.0009,0.4404
0.000901923,-0.4008
0.000903846,0.4082
0.000905769,-0.4295
0.000907692,0.4082
0.000909615,-0.4295
0.000911538,0.414
0.000913462,-0.4018
0.000915385,0.3867
0.000917308,-0.4295
0.000919231,0.4032
0.000921154,-0.3865
0.000923077,0.3867
0.000925,-0.3968
0.000926923,0.352
0.000928846,-0.4078
0.000930769,0.3652
0.000932692,-0.3597
0.000934615,0.3545
0.000936538,-0.3328
0.000938462,0.3385
0.000940385,-0.3534
0.000942308,0.3224
0.000944231,-0.3643
0.000946154,0.3424
0.000948077,-0.3221
0.00095,0.3223
0.000951923,-0.2899
0.000953846,0.2578
0.000955769,-0.2899
0.000957692,0.2041
0.000959615,-0.2202
0.000961538,0.2239
0.000963462,-0.1717
0.000965385,0.2285
0.000967308,-0.1645
0.000969231,0.2578
0.000971154,-0.5
0.000973077,0.1827
0.000975,0.2793
0.000976923,-0.3436
0.000978846,0.3652
0.000980769,-0.4295
0.000982692,0.4082
0.000984615,-0.3758
0.000986538,0.3437
0.000988462,-0.4197
0.000990385,0.4189
0.000992308,-0.3752
0.000994231,0
0.000996154,0
0.000998077,0
0.001,0
0.001001923,0
0.001003846,0
0.001005769,0
0.001007692,0
0.001009615,0.2149
0.001011538,-0.3973
0.001013462,0.4404
0.001015385,-0.4008
0.001017308,0.4082
0.001019231,-0.4295
0.001021154,0.4082
0.001023077,-0.4295
0.001025,0.414
0.001026923,-0.4018
0.001028846,0.3867
0.001030769,-0.4295
0.001032692,0.4032
0.001034615,-0.3865
0.001036538,0.3867
0.001038462,-0.3968
0.001040385,0.352
0.001042308,-0.4078
0.001044231,0.3652
0.001046154,-0.3597
0.001048077,0.3545
0.00105,-0.3328
0.001051923,0.3385
0.001053846,-0.3534
0.001055769,0.3224
0.001057692,-0.3643
0.001059615,0.3424
0.001061538,-0.3221
0.001063462,0.3223
0.001065385,-0.2899
0.001067308,0.2578
0.001069231,-0.2899
0.001071154,0.2041
0.001073077,-0.2202
0.001075,0.2239
0.001076923,-0.1717
0.001078846,0.2285
0.001080769,-0.1645
0.001082692,0.2578
0.001084615,-0.5
0.001086538,0.1827
0.001088462,0.2793
0.001090385,-0.3436
0.001092308,0.3652
0.001094231,-0.4295
0.001096154,0.4082
0.001098077,-0.3758
0.0011,0.3437
0.001101923,-0.4197
0.001103846,0.4189
0.001105769,-0.3752
0.001107692,0
0.001109615,0
0.001111538,0
0.001113462,0
0.001115385,0
0.001117308,0
0.001119231,0
0.001121154,0
0.001123077,0
0.001125,0
0.001126923,0
0.001128846,0
0.001130769,0
0.001132692,0
0.001134615,0
0.001136538,0
0.001138462,0
0.001140385,0
0.001142308,0
0.001144231,0
0.001146154,0
0.001148077,0
0.00115,0
0.001151923,0
0.001153846,0
0.001155769,0
0.001157692,0
0.001159615,0
0.001161538,0
0.001163462,0
0.001165385,0
0.001167308,0
0.001169231,0
0.001171154,0
0.001173077,0
0.001175,0
0.001176923,0
0.001178846,0
0.001180769,0
0.001182692,0
0.001184615,0
0.001186538,0
0.001188462,0
0.001190385,0
0.001192308,0
0.001194231,0
0.001196154,0
0.001198077,0
0.0012,0
0.001201923,0
0.001203846,0
0.001205769,0
0.001207692,0
0.001209615,0
0.001211538,0
0.001213462,0
0.001215385,0
0.001217308,0
0.001219231,0
0.001221154,0
0.001223077,0
0.001225,0
0.001226923,0
0.001228846,0
0.001230769,0
0.001232692,0
0.001234615,0
0.001236538,-0.2149
0.001238462,0.3973
0.001240385,-0.4404
0.001242308,0.4008
0.001244231,-0.4082
0.001246154,0.4295
0.001248077,-0.4082
0.00125,0.4295
0.001251923,-0.414
0.001253846,0.4018
0.001255769,-0.3867
0.001257692,0.4295
0.001259615,-0.4032
0.001261538,0.3865
0.001263462,-0.3867
0.001265385,0.3968
0.001267308,-0.352
0.001269231,0.4078
0.001271154,-0.3652
0.001273077,0.3597
0.001275,-0.3545
0.001276923,0.3328
0.001278846,-0.3385
0.001280769,0.3534
0.001282692,-0.3224
0.001284615,0.3643
0.001286538,-0.3424
0.001288462,0.3221
0.001290385,-0.3223
0.001292308,0.2899
0.001294231,-0.2578
0.001296154,0.2899
0.001298077,-0.2041
0.0013,0.2202
0.001301923,-0.2239
0.001303846,0.1717
0.001305769,-0.2285
0.001307692,0.1645
0.001309615,-0.2578
0.001311538,0.5
0.001313462,-0.1827
0.001315385,-0.2793
0.001317308,0.3436
0.001319231,-0.3652
0.001321154,0.4295
0.001323077,-0.4082
0.001325,0.3758
0.001326923,-0.3437
0.001328846,0.4197
0.001330769,-0.4189
0.001332692,0.3752
0.001334615,0
0.001336538,-0.2149
0.001338462,0.3973
0.001340385,-0.4404
0.001342308,0.4008
0.001344231,-0.4082
0.001346154,0.4295
0.001348077,-0.4082
0.00135,0.4295
0.001351923,-0.414
0.001353846,0.4018
0.001355769,-0.3867
0.001357692,0.4295
0.001359615,-0.4032
0.001361538,0.3865
0.001363462,-0.3867
0.001365385,0.3968
0.001367308,-0.352
0.001369231,0.4078
0.001371154,-0.3652
0.001373077,0.3597
0.001375,-0.3545
0.001376923,0.3328
0.001378846,-0.3385
0.001380769,0.3534
0.001382692,-0.3224
0.001384615,0.3643
0.001386538,-0.3424
0.001388462,0.3221
0.001390385,-0.3223
0.001392308,0.2899
0.001394231,-0.2578
0.001396154,0.2899
0.001398077,-0.2041
0.0014,0.2202
0.001401923,-0.2239
0.001403846,0.1717
0.001405769,-0.2285
0.001407692,0.1645
0.001409615,-0.2578
0.001411538,0.5
0.001413462,-0.1827
0.001415385,-0.2793
0.001417308,0.3436
0.001419231,-0.3652
0.001421154,0.4295
0.001423077,-0.4082
0.001425,0.3758
0.001426923,-0.3437
0.001428846,0.4197
0.001430769,-0.4189
0.001432692,0.3752
0.001434615,0
0.001436538,-0.2149
0.001438462,0.3973
0.001440385,-0.4404
0.001442308,0.4008
0.001444231,-0.4082
0.001446154,0.4295
0.001448077,-0.4082
0.00145,0.4295
0.001451923,-0.414
0.001453846,0.4018
0.001455769,-0.3867
0.001457692,0.4295
0.001459615,-0.4032
0.001461538,0.3865
0.001463462,-0.3867
0.001465385,0.3968
0.001467308,-0.352
0.001469231,0.4078
0.001471154,-0.3652
0.001473077,0.3597
0.001475,-0.3545
0.001476923,0.3328
0.001478846,-0.3385
0.001480769,0.3534
0.001482692,-0.3224
0.001484615,0.3643
0.001486538,-0.3424
0.001488462,0.3221
0.001490385,-0.3223
0.001492308,0.2899
0.001494231,-0.2578
0.001496154,0.2899
0.001498077,-0.2041
0.0015,0.2202
0.001501923,-0.2239
0.001503846,0.1717
0.001505769,-0.2285
0.001507692,0.1645
0.001509615,-0.2578
0.001511538,0.5
0.001513462,-0.1827
0.001515385,-0.2793
0.001517308,0.3436
0.001519231,-0.3652
0.001521154,0.4295
0.001523077,-0.4082
0.001525,0.3758
0.001526923,-0.3437
0.001528846,0.4197
0.001530769,-0.4189
0.001532692,0.3752
0.001534615,0
0.001536538,-0.2149
0.001538462,0.3973
0.001540385,-0.4404
0.001542308,0.4008
0.001544231,-0.4082
0.001546154,0.4295
0.001548077,-0.4082
0.00155,0.4295
0.001551923,-0.414
0.001553846,0.4018
0.001555769,-0.3867
0.001557692,0.4295
0.001559615,-0.4032
0.001561538,0.3865
0.001563462,-0.3867
0.001565385,0.3968
0.001567308,-0.352
0.001569231,0.4078
0.001571154,-0.3652
0.001573077,0.3597
0.001575,-0.3545
0.001576923,0.3328
0.001578846,-0.3385
0.001580769,0.3534
0.001582692,-0.3224
0.001584615,0.3643
0.001586538,-0.3424
0.001588462,0.3221
0.001590385,-0.3223
0.001592308,0.2899
0.001594231,-0.2578
0.001596154,0.2899
0.001598077,-0.2041
0.0016,0.2202
0.001601923,-0.2239
0.001603846,0.1717
0.001605769,-0.2285
0.001607692,0.1645
0.001609615,-0.2578
0.001611538,0.5
0.001613462,-0.1827
0.001615385,-0.2793
0.001617308,0.3436
0.001619231,-0.3652
0.001621154,0.4295
0.001623077,-0.4082
0.001625,0.3758
0.001626923,-0.3437
0.001628846,0.4197
0.001630769,-0.4189
0.001632692,0.3752
0.001634615,0
0.001636538,-0.2149
0.001638462,0.3973
0.001640385,-0.4404
0.001642308,0.4008
0.001644231,-0.4082
0.001646154,0.4295
0.001648077,-0.4082
0.00165,0.4295
0.001651923,-0.414
0.001653846,0.4018
0.001655769,-0.3867
0.001657692,0.4295
0.001659615,-0.4032
0.001661538,0.3865
0.001663462,-0.3867
0.001665385,0.3968
0.001667308,-0.352
0.001669231,0.4078
0.001671154,-0.3652
0.001673077,0.3597
0.001675,-0.3545
0.001676923,0.3328
0.001678846,-0.3385
0.001680769,0.3534
0.001682692,-0.3224
0.001684615,0.3643
0.001686538,-0.3424
0.001688462,0.3221
0.001690385,-0.3223
0.001692308,0.2899
0.001694231,-0.2578
0.001696154,0.2899
0.001698077,-0.2041
0.0017,0.2202
0.001701923,-0.2239
0.001703846,0.1717
0.001705769,-0.2285
0.001707692,0.1645
0.001709615,-0.2578
0.001711538,0.5
0.001713462,-0.1827
0.001715385,-0.2793
0.001717308,0.3436
0.001719231,-0.3652
0.001721154,0.4295
0.001723077,-0.4082
0.001725,0.3758
0.001726923,-0.3437
0.001728846,0.4197
0.001730769,-0.4189
0.001732692,0.3752
0.001734615,0
0.001736538,0.2149
0.001738462,-0.3973
0.001740385,0.4404
0.001742308,-0.4008
0.001744231,0.4082
0.001746154,-0.4295
0.001748077,0.4082
0.00175,-0.4295
0.001751923,0.414
0.001753846,-0.4018
0.001755769,0.3867
0.001757692,-0.4295
0.001759615,0.4032
0.001761538,-0.3865
0.001763462,0.3867
0.001765385,-0.3968
0.001767308,0.352
0.001769231,-0.4078
0.001771154,0.3652
0.001773077,-0.3597
0.001775,0.3545
0.001776923,-0.3328
0.001778846,0.3385
0.001780769,-0.3534
0.001782692,0.3224
0.001784615,-0.3643
0.001786538,0.3424
0.001788462,-0.3221
0.001790385,0.3223
0.001792308,-0.2899
0.001794231,0.2578
0.001796154,-0.2899
0.001798077,0.2041
0.0018,-0.2202
0.001801923,0.2239
0.001803846,-0.1717
0.001805769,0.2285
0.001807692,-0.1645
0.001809615,0.2578
0.001811538,-0.5
0.001813462,0.1827
0.001815385,0.2793
0.001817308,-0.3436
0.001819231,0.3652
0.001821154,-0.4295
0.001823077,0.4082
0.001825,-0.3758
0.001826923,0.3437
0.001828846,-0.4197
0.001830769,0.4189
0.001832692,-0.3752
0.001834615,0
0.001836538,0.2149
0.001838462,-0.3973
0.001840385,0.4404
0.001842308,-0.4008
0.001844231,0.4082
0.001846154,-0.4295
0.001848077,0.4082
0.00185,-0.4295
0.001851923,0.414
0.001853846,-0.4018
0.001855769,0.3867
0.001857692,-0.4295
0.001859615,0.4032
0.001861538,-0.3865
0.001863462,0.3867
0.001865385,-0.3968
0.001867308,0.352
0.001869231,-0.4078
0.001871154,0.3652
0.001873077,-0.3597
0.001875,0.3545
0.001876923,-0.3328
0.001878846,0.3385
0.001880769,-0.3534
0.001882692,0.3224
0.001884615,-0.3643
0.001886538,0.3424
0.001888462,-0.3221
0.001890385,0.3223
0.001892308,-0.2899
0.001894231,0.2578
0.001896154,-0.2899
0.001898077,0.2041
0.0019,-0.2202
0.001901923,0.2239
0.001903846,-0.1717
0.001905769,0.2285
0.001907692,-0.1645
0.001909615,0.2578
0.001911538,-0.5
0.001913462,0.1827
0.001915385,0.2793
0.001917308,-0.3436
0.001919231,0.3652
0.001921154,-0.4295
0.001923077,0.4082
0.001925,-0.3758
0.001926923,0.3437
0.001928846,-0.4197
0.001930769,0.4189
0.001932692,-0.3752
0.001934615,0
0.001936538,0.2149
0.001938462,-0.3973
0.001940385,0.4404
0.001942308,-0.4008
0.001944231,0.4082
0.001946154,-0.4295
0.001948077,0.4082
0.00195,-0.4295
0.001951923,0.414
0.001953846,-0.4018
0.001955769,0.3867
0.001957692,-0.4295
0.001959615,0.4032
0.001961538,-0.3865
0.001963462,0.3867
0.001965385,-0.3968
0.001967308,0.352
0.001969231,-0.4078
0.001971154,0.3652
0.001973077,-0.3597
0.001975,0.3545
0.001976923,-0.3328
0.001978846,0.3385
0.001980769,-0.3534
0.001982692,0.3224
0.001984615,-0.3643
0.001986538,0.3424
0.001988462,-0.3221
0.001990385,0.3223
0.001992308,-0.2899
0.001994231,0.2578
0.001996154,-0.2899
0.001998077,0.2041
0.002,-0.2202
0.002001923,0.2239
0.002003846,-0.1717
0.002005769,0.2285
0.002007692,-0.1645
0.002009615,0.2578
0.002011538,-0.5
0.002013462,0.1827
0.002015385,0.2793
0.002017308,-0.3436
0.002019231,0.3652
0.002021154,-0.4295
0.002023077,0.4082
0.002025,-0.3758
0.002026923,0.3437
0.002028846,-0.4197
0.002030769,0.4189
0.002032692,-0.3752
0.002034615,0
0.002036538,0.2149
0.002038462,-0.3973
0.002040385,0.4404
0.002042308,-0.4008
0.002044231,0.4082
0.002046154,-0.4295
0.002048077,0.4082
0.00205,-0.4295
0.002051923,0.414
0.002053846,-0.4018
0.002055769,0.3867
0.002057692,-0.4295
0.002059615,0.4032
0.002061538,-0.3865
0.002063462,0.3867
0.002065385,-0.3968
0.002067308,0.352
0.002069231,-0.4078
0.002071154,0.3652
0.002073077,-0.3597
0.002075,0.3545
0.002076923,-0.3328
0.002078846,0.3385
0.002080769,-0.3534
0.002082692,0.3224
0.002084615,-0.3643
0.002086538,0.3424
0.002088462,-0.3221
0.002090385,0.3223
0.002092308,-0.2899
0.002094231,0.2578
0.002096154,-0.2899
0.002098077,0.2041
0.0021,-0.2202
0.002101923,0.2239
0.002103846,-0.1717
0.002105769,0.2285
0.002107692,-0.1645
0.002109615,0.2578
0.002111538,-0.5
0.002113462,0.1827
0.002115385,0.2793
0.002117308,-0.3436
0.002119231,0.3652
0.002121154,-0.4295
0.002123077,0.4082
0.002125,-0.3758
0.002126923,0.3437
0.002128846,-0.4197
0.002130769,0.4189
0.002132692,-0.3752
0.002134615,0
0.002136538,0.2149
0.002138462,-0.3973
0.002140385,0.4404
0.002142308,-0.4008
0.002144231,0.4082
0.002146154,-0.4295
0.002148077,0.4082
0.00215,-0.4295
0.002151923,0.414
0.002153846,-0.4018
0.002155769,0.3867
0.002157692,-0.4295
0.002159615,0.4032
0.002161538,-0.3865
0.002163462,0.3867
0.002165385,-0.3968
0.002167308,0.352
0.002169231,-0.4078
0.002171154,0.3652
0.002173077,-0.3597
0.002175,0.3545
0.002176923,-0.3328
0.002178846,0.3385
0.002180769,-0.3534
0.002182692,0.3224
0.002184615,-0.3643
0.002186538,0.3424
0.002188462,-0.3221
0.002190385,0.3223
0.002192308,-0.2899
0.002194231,0.2578
0.002196154,-0.2899
0.002198077,0.2041
0.0022,-0.2202
0.002201923,0.2239
0.002203846,-0.1717
0.002205769,0.2285
0.002207692,-0.1645
0.002209615,0.2578
0.002211538,-0.5
0.002213462,0.1827
0.002215385,0.2793
0.002217308,-0.3436
0.002219231,0.3652
0.002221154,-0.4295
0.002223077,0.4082
0.002225,-0.3758
0.002226923,0.3437
0.002228846,-0.4197
0.002230769,0.4189
0.002232692,-0.3752
0.002234615,0
0.002236538,0.2149
0.002238462,-0.3973
0.002240385,0.4404
0.002242308,-0.4008
0.002244231,0.4082
0.002246154,-0.4295
0.002248077,0.4082
0.00225,-0.4295
0.002251923,0.414
0.002253846,-0.4018
0.002255769,0.3867
0.002257692,-0.4295
0.002259615,0.4032
0.002261538,-0.3865
0.002263462,0.3867
0.002265385,-0.3968
0.002267308,0.352
0.002269231,-0.4078
0.002271154,0.3652
0.002273077,-0.3597
0.002275,0.3545
0.002276923,-0.3328
0.002278846,0.3385
0.002280769,-0.3534
0.002282692,0.3224
0.002284615,-0.3643
0.002286538,0.3424
0.002288462,-0.3221
0.002290385,0.3223
0.002292308,-0.2899
0.002294231,0.2578
0.002296154,-0.2899
0.002298077,0.2041
0.0023,-0.2202
0.002301923,0.2239
0.002303846,-0.1717
0.002305769,0.2285
0.002307692,-0.1645
0.002309615,0.2578
0.002311538,-0.5
0.002313462,0.1827
0.002315385,0.2793
0.002317308,-0.3436
0.002319231,0.3652
0.002321154,-0.4295
0.002323077,0.4082
0.002325,-0.3758
0.002326923,0.3437
0.002328846,-0.4197
0.002330769,0.4189
0.002332692,-0.3752
0.002334615,0
0.002336538,0.2149
0.002338462,-0.3973
0.002340385,0.4404
0.002342308,-0.4008
0.002344231,0.4082
0.002346154,-0.4295
0.002348077,0.4082
0.00235,-0.4295
0.002351923,0.414
0.002353846,-0.4018
0.002355769,0.3867
0.002357692,-0.4295
0.002359615,0.4032
0.002361538,-0.3865
0.002363462,0.3867
0.002365385,-0.3968
0.002367308,0.352
0.002369231,-0.4078
0.002371154,0.3652
0.002373077,-0.3597
0.002375,0.3545
0.002376923,-0.3328
0.002378846,0.3385
0.002380769,-0.3534
0.002382692,0.3224
0.002384615,-0.3643
0.002386538,0.3424
0.002388462,-0.3221
0.002390385,0.3223
0.002392308,-0.2899
0.002394231,0.2578
0.002396154,-0.2899
0.002398077,0.2041
0.0024,-0.2202
0.002401923,0.2239
0.002403846,-0.1717
0.002405769,0.2285
0.002407692,-0.1645
0.002409615,0.2578
0.002411538,-0.5
0.002413462,0.1827
0.002415385,0.2793
0.002417308,-0.3436
0.002419231,0.3652
0.002421154,-0.4295
0.002423077,0.4082
0.002425,-0.3758
0.002426923,0.3437
0.002428846,-0.4197
0.002430769,0.4189
0.002432692,-0.3752
0.002434615,0
0.002436538,0.2149
0.002438462,-0.3973
0.002440385,0.4404
0.002442308,-0.4008
0.002444231,0.4082
0.002446154,-0.4295
0.002448077,0.4082
0.00245,-0.4295
0.002451923,0.414
0.002453846,-0.4018
0.002455769,0.3867
0.002457692,-0.4295
0.002459615,0.4032
0.002461538,-0.3865
0.002463462,0.3867
0.002465385,-0.3968
0.002467308,0.352
0.002469231,-0.4078
0.002471154,0.3652
0.002473077,-0.3597
0.002475,0.3545
0.002476923,-0.3328
0.002478846,0.3385
0.002480769,-0.3534
0.002482692,0.3224
0.002484615,-0.3643
0.002486538,0.3424
0.002488462,-0.3221
0.002490385,0.3223
0.002492308,-0.2899
0.002494231,0.2578
0.002496154,-0.2899
0.002498077,0.2041
0.0025,-0.2202
0.002501923,0.2239
0.002503846,-0.1717
0.002505769,0.2285
0.002507692,-0.1645
0.002509615,0.2578
0.002511538,-0.5
0.002513462,0.1827
0.002515385,0.2793
0.002517308,-0.3436
0.002519231,0.3652
0.002521154,-0.4295
0.002523077,0.4082
0.002525,-0.3758
0.002526923,0.3437
0.002528846,-0.4197
0.002530769,0.4189
0.002532692,-0.3752
0.002534615,0
0.002536538,0.2149
0.002538462,-0.3973
0.002540385,0.4404
0.002542308,-0.4008
0.002544231,0.4082
0.002546154,-0.4295
0.002548077,0.4082
0.00255,-0.4295
0.002551923,0.414
0.002553846,-0.4018
0.002555769,0.3867
0.002557692,-0.4295
0.002559615,0.4032
0.002561538,-0.3865
0.002563462,0.3867
0.002565385,-0.3968
0.002567308,0.352
0.002569231,-0.4078
0.002571154,0.3652
0.002573077,-0.3597
0.002575,0.3545
0.002576923,-0.3328
0.002578846,0.3385
0.002580769,-0.3534
0.002582692,0.3224
0.002584615,-0.3643
0.002586538,0.3424
0.002588462,-0.3221
0.002590385,0.3223
0.002592308,-0.2899
0.002594231,0.2578
0.002596154,-0.2899
0.002598077,0.2041
0.0026,-0.2202
0.002601923,0.2239
0.002603846,-0.1717
0.002605769,0.2285
0.002607692,-0.1645
0.002609615,0.2578
0.002611538,-0.5
0.002613462,0.1827
0.002615385,0.2793
0.002617308,-0.3436
0.002619231,0.3652
0.002621154,-0.4295
0.002623077,0.4082
0.002625,-0.3758
0.002626923,0.3437
0.002628846,-0.4197
0.002630769,0.4189
0.002632692,-0.3752
0.002634615,0
0.002636538,-0.2149
0.002638462,0.3973
0.002640385,-0.4404
0.002642308,0.4008
0.002644231,-0.4082
0.002646154,0.4295
0.002648077,-0.4082
0.00265,0.4295
0.002651923,-0.414
0.002653846,0.4018
0.002655769,-0.3867
0.002657692,0.4295
0.002659615,-0.4032
0.002661538,0.3865
0.002663462,-0.3867
0.002665385,0.3968
0.002667308,-0.352
0.002669231,0.4078
0.002671154,-0.3652
0.002673077,0.3597
0.002675,-0.3545
0.002676923,0.3328
0.002678846,-0.3385
0.002680769,0.3534
0.002682692,-0.3224
0.002684615,0.3643
0.002686538,-0.3424
0.002688462,0.3221
0.002690385,-0.3223
0.002692308,0.2899
0.002694231,-0.2578
0.002696154,0.2899
0.002698077,-0.2041
0.0027,0.2202
0.002701923,-0.2239
0.002703846,0.1717
0.002705769,-0.2285
0.002707692,0.1645
0.002709615,-0.2578
0.002711538,0.5
0.002713462,-0.1827
0.002715385,-0.2793
0.002717308,0.3436
0.002719231,-0.3652
0.002721154,0.4295
0.002723077,-0.4082
0.002725,0.3758
0.002726923,-0.3437
0.002728846,0.4197
0.002730769,-0.4189
0.002732692,0.3752
0.002734615,0
0.002736538,-0.2149
0.002738462,0.3973
0.002740385,-0.4404
0.002742308,0.4008
0.002744231,-0.4082
0.002746154,0.4295
0.002748077,-0.4082
0.00275,0.4295
0.002751923,-0.414
0.002753846,0.4018
0.002755769,-0.3867
0.002757692,0.4295
0.002759615,-0.4032
0.002761538,0.3865
0.002763462,-0.3867
0.002765385,0.3968
0.002767308,-0.352
0.002769231,0.4078
0.002771154,-0.3652
0.002773077,0.3597
0.002775,-0.3545
0.002776923,0.3328
0.002778846,-0.3385
0.002780769,0.3534
0.002782692,-0.3224
0.002784615,0.3643
0.002786538,-0.3424
0.002788462,0.3221
0.002790385,-0.3223
0.002792308,0.2899
0.002794231,-0.2578
0.002796154,0.2899
0.002798077,-0.2041
0.0028,0.2202
0.002801923,-0.2239
0.002803846,0.1717
0.002805769,-0.2285
0.002807692,0.1645
0.002809615,-0.2578
0.002811538,0.5
0.002813462,-0.1827
0.002815385,-0.2793
0.002817308,0.3436
0.002819231,-0.3652
0.002821154,0.4295
0.002823077,-0.4082
0.002825,0.3758
0.002826923,-0.3437
0.002828846,0.4197
0.002830769,-0.4189
0.002832692,0.3752
0.002834615,0
0.002836538,-0.2149
0.002838462,0.3973
0.002840385,-0.4404
0.002842308,0.4008
0.002844231,-0.4082
0.002846154,0.4295
0.002848077,-0.4082
0.00285,0.4295
0.002851923,-0.414
0.002853846,0.4018
0.002855769,-0.3867
0.002857692,0.4295
0.002859615,-0.4032
0.002861538,0.3865
0.002863462,-0.3867
0.002865385,0.3968
0.002867308,-0.352
0.002869231,0.4078
0.002871154,-0.3652
0.002873077,0.3597
0.002875,-0.3545
0.002876923,0.3328
0.002878846,-0.3385
0.002880769,0.3534
0.002882692,-0.3224
0.002884615,0.3643
0.002886538,-0.3424
0.002888462,0.3221
0.002890385,-0.3223
0.002892308,0.2899
0.002894231,-0.2578
0.002896154,0.2899
0.002898077,-0.2041
0.0029,0.2202
0.002901923,-0.2239
0.002903846,0.1717
0.002905769,-0.2285
0.002907692,0.1645
0.002909615,-0.2578
0.002911538,0.5
0.002913462,-0.1827
0.002915385,-0.2793
0.002917308,0.3436
0.002919231,-0.3652
0.002921154,0.4295
0.002923077,-0.4082
0.002925,0.3758
0.002926923,-0.3437
0.002928846,0.4197
0.002930769,-0.4189
0.002932692,0.3752
0.002934615,0
0.002936538,0.2149
0.002938462,-0.3973
0.002940385,0.4404
0.002942308,-0.4008
0.002944231,0.4082
0.002946154,-0.4295
0.002948077,0.4082
0.00295,-0.4295
0.002951923,0.414
0.002953846,-0.4018
0.002955769,0.3867
0.002957692,-0.4295
0.002959615,0.4032
0.002961538,-0.3865
0.002963462,0.3867
0.002965385,-0.3968
0.002967308,0.352
0.002969231,-0.4078
0.002971154,0.3652
0.002973077,-0.3597
0.002975,0.3545
0.002976923,-0.3328
0.002978846,0.3385
0.002980769,-0.3534
0.002982692,0.3224
0.002984615,-0.3643
0.002986538,0.3424
0.002988462,-0.3221
0.002990385,0.3223
0.002992308,-0.2899
0.002994231,0.2578
0.002996154,-0.2899
0.002998077,0.2041
0.003,-0.2202
0.003001923,0.2239
0.003003846,-0.1717
0.003005769,0.2285
0.003007692,-0.1645
0.003009615,0.2578
0.003011538,-0.5
0.003013462,0.1827
0.003015385,0.2793
0.003017308,-0.3436
0.003019231,0.3652
0.003021154,-0.4295
0.003023077,0.4082
0.003025,-0.3758
0.003026923,0.3437
0.003028846,-0.4197
0.003030769,0.4189
0.003032692,-0.3752
0.003034615,0
0.003036538,0.2149
0.003038462,-0.3973
0.003040385,0.4404
0.003042308,-0.4008
0.003044231,0.4082
0.003046154,-0.4295
0.003048077,0.4082
0.00305,-0.4295
0.003051923,0.414
0.003053846,-0.4018
0.003055769,0.3867
0.003057692,-0.4295
0.003059615,0.4032
0.003061538,-0.3865
0.003063462,0.3867
0.003065385,-0.3968
0.003067308,0.352
0.003069231,-0.4078
0.003071154,0.3652
0.003073077,-0.3597
0.003075,0.3545
0.003076923,-0.3328
0.003078846,0.3385
0.003080769,-0.3534
0.003082692,0.3224
0.003084615,-0.3643
0.003086538,0.3424
0.003088462,-0.3221
0.003090385,0.3223
0.003092308,-0.2899
0.003094231,0.2578
0.003096154,-0.2899
0.003098077,0.2041
0.0031,-0.2202
0.003101923,0.2239
0.003103846,-0.1717
0.003105769,0.2285
0.003107692,-0.1645
0.003109615,0.2578
0.003111538,-0.5
0.003113462,0.1827
0.003115385,0.2793
0.003117308,-0.3436
0.003119231,0.3652
0.003121154,-0.4295
0.003123077,0.4082
0.003125,-0.3758
0.003126923,0.3437
0.003128846,-0.4197
0.003130769,0.4189
0.003132692,-0.3752
0.003134615,0
0.003136538,0.2149
0.003138462,-0.3973
0.003140385,0.4404
0.003142308,-0.4008
0.003144231,0.4082
0.003146154,-0.4295
0.003148077,0.4082
0.00315,-0.4295
0.003151923,0.414
0.003153846,-0.4018
0.003155769,0.3867
0.003157692,-0.4295
0.003159615,0.4032
0.003161538,-0.3865
0.003163462,0.3867
0.003165385,-0.3968
0.003167308,0.352
0.003169231,-0.4078
0.003171154,0.3652
0.003173077,-0.3597
0.003175,0.3545
0.003176923,-0.3328
0.003178846,0.3385
0.003180769,-0.3534
0.003182692,0.3224
0.003184615,-0.3643
0.003186538,0.3424
0.003188462,-0.3221
0.003190385,0.3223
0.003192308,-0.2899
0.003194231,0.2578
0.003196154,-0.2899
0.003198077,0.2041
0.0032,-0.2202
0.003201923,0.2239
0.003203846,-0.1717
0.003205769,0.2285
0.003207692,-0.1645
0.003209615,0.2578
0.003211538,-0.5
0.003213462,0.1827
0.003215385,0.2793
0.003217308,-0.3436
0.003219231,0.3652
0.003221154,-0.4295
0.003223077,0.4082
0.003225,-0.3758
0.003226923,0.3437
0.003228846,-0.4197
0.003230769,0.4189
0.003232692,-0.3752
0.003234615,0
0.003236538,0.2149
0.003238462,-0.3973
0.003240385,0.4404
0.003242308,-0.4008
0.003244231,0.4082
0.003246154,-0.4295
0.003248077,0.4082
0.00325,-0.4295
0.003251923,0.414
0.003253846,-0.4018
0.003255769,0.3867
0.003257692,-0.4295
0.003259615,0.4032
0.003261538,-0.3865
0.003263462,0.3867
0.003265385,-0.3968
0.003267308,0.352
0.003269231,-0.4078
0.003271154,0.3652
0.003273077,-0.3597
0.003275,0.3545
0.003276923,-0.3328
0.003278846,0.3385
0.003280769,-0.3534
0.003282692,0.3224
0.003284615,-0.3643
0.003286538,0.3424
0.003288462,-0.3221
0.003290385,0.3223
0.003292308,-0.2899
0.003294231,0.2578
0.003296154,-0.2899
0.003298077,0.2041
0.0033,-0.2202
0.003301923,0.2239
0.003303846,-0.1717
0.003305769,0.2285
0.003307692,-0.1645
0.003309615,0.2578
0.003311538,-0.5
0.003313462,0.1827
0.003315385,0.2793
0.003317308,-0.3436
0.003319231,0.3652
0.003321154,-0.4295
0.003323077,0.4082
0.003325,-0.3758
0.003326923,0.3437
0.003328846,-0.4197
0.003330769,0.4189
0.003332692,-0.3752
0.003334615,0
0.003336538,0.2149
0.003338462,-0.3973
0.003340385,0.4404
0.003342308,-0.4008
0.003344231,0.4082
0.003346154,-0.4295
0.003348077,0.4082
0.00335,-0.4295
0.003351923,0.414
0.003353846,-0.4018
0.003355769,0.3867
0.003357692,-0.4295
0.003359615,0.4032
0.003361538,-0.3865
0.003363462,0.3867
0.003365385,-0.3968
0.003367308,0.352
0.003369231,-0.4078
0.003371154,0.3652
0.003373077,-0.3597
0.003375,0.3545
0.003376923,-0.3328
0.003378846,0.3385
0.003380769,-0.3534
0.003382692,0.3224
0.003384615,-0.3643
0.003386538,0.3424
0.003388462,-0.3221
0.003390385,0.3223
0.003392308,-0.2899
0.003394231,0.2578
0.003396154,-0.2899
0.003398077,0.2041
0.0034,-0.2202
0.003401923,0.2239
0.003403846,-0.1717
0.003405769,0.2285
0.003407692,-0.1645
0.003409615,0.2578
0.003411538,-0.5
0.003413462,0.1827
0.003415385,0.2793
0.003417308,-0.3436
0.003419231,0.3652
0.003421154,-0.4295
0.003423077,0.4082
0.003425,-0.3758
0.003426923,0.3437
0.003428846,-0.4197
0.003430769,0.4189
0.003432692,-0.3752
0.003434615,0
0.003436538,0.2149
0.003438462,-0.3973
0.003440385,0.4404
0.003442308,-0.4008
0.003444231,0.4082
0.003446154,-0.4295
0.003448077,0.4082
0.00345,-0.4295
0.003451923,0.414
0.003453846,-0.4018
0.003455769,0.3867
0.003457692,-0.4295
0.003459615,0.4032
0.003461538,-0.3865
0.003463462,0.3867
0.003465385,-0.3968
0.003467308,0.352
0.003469231,-0.4078
0.003471154,0.3652
0.003473077,-0.3597
0.003475,0.3545
0.003476923,-0.3328
0.003478846,0.3385
0.003480769,-0.3534
0.003482692,0.3224
0.003484615,-0.3643
0.003486538,0.3424
0.003488462,-0.3221
0.003490385,0.3223
0.003492308,-0.2899
0.003494231,0.2578
0.003496154,-0.2899
0.003498077,0.2041
0.0035,-0.2202
0.003501923,0.2239
0.003503846,-0.1717
0.003505769,0.2285
0.003507692,-0.1645
0.003509615,0.2578
0.003511538,-0.5
0.003513462,0.1827
0.003515385,0.2793
0.003517308,-0.3436
0.003519231,0.3652
0.003521154,-0.4295
0.003523077,0.4082
0.003525,-0.3758
0.003526923,0.3437
0.003528846,-0.4197
0.003530769,0.4189
0.003532692,-0.3752
0.003534615,0
0.003536538,0.2149
0.003538462,-0.3973
0.003540385,0.4404
0.003542308,-0.4008
0.003544231,0.4082
0.003546154,-0.4295
0.003548077,0.4082
0.00355,-0.4295
0.003551923,0.414
0.003553846,-0.4018
0.003555769,0.3867
0.003557692,-0.4295
0.003559615,0.4032
0.003561538,-0.3865
0.003563462,0.3867
0.003565385,-0.3968
0.003567308,0.352
0.003569231,-0.4078
0.003571154,0.3652
0.003573077,-0.3597
0.003575,0.3545
0.003576923,-0.3328
0.003578846,0.3385
0.003580769,-0.3534
0.003582692,0.3224
0.003584615,-0.3643
0.003586538,0.3424
0.003588462,-0.3221
0.003590385,0.3223
0.003592308,-0.2899
0.003594231,0.2578
0.003596154,-0.2899
0.003598077,0.2041
0.0036,-0.2202
0.003601923,0.2239
0.003603846,-0.1717
0.003605769,0.2285
0.003607692,-0.1645
0.003609615,0.2578
0.003611538,-0.5
0.003613462,0.1827
0.003615385,0.2793
0.003617308,-0.3436
0.003619231,0.3652
0.003621154,-0.4295
0.003623077,0.4082
0.003625,-0.3758
0.003626923,0.3437
0.003628846,-0.4197
0.003630769,0.4189
0.003632692,-0.3752
0.003634615,0
0.003636538,0.2149
0.003638462,-0.3973
0.003640385,0.4404
0.003642308,-0.4008
0.003644231,0.4082
0.003646154,-0.4295
0.003648077,0.4082
0.00365,-0.4295
0.003651923,0.414
0.003653846,-0.4018
0.003655769,0.3867
0.003657692,-0.4295
0.003659615,0.4032
0.003661538,-0.3865
0.003663462,0.3867
0.003665385,-0.3968
0.003667308,0.352
0.003669231,-0.4078
0.003671154,0.3652
0.003673077,-0.3597
0.003675,0.3545
0.003676923,-0.3328
0.003678846,0.3385
0.003680769,-0.3534
0.003682692,0.3224
0.003684615,-0.3643
0.003686538,0.3424
0.003688462,-0.3221
0.003690385,0.3223
0.003692308,-0.2899
0.003694231,0.2578
0.003696154,-0.2899
0.003698077,0.2041
0.0037,-0.2202
0.003701923,0.2239
0.003703846,-0.1717
0.003705769,0.2285
0.003707692,-0.1645
0.003709615,0.2578
0.003711538,-0.5
0.003713462,0.1827
0.003715385,0.2793
0.003717308,-0.3436
0.003719231,0.3652
0.003721154,-0.4295
0.003723077,0.4082
0.003725,-0.3758
0.003726923,0.3437
0.003728846,-0.4197
0.003730769,0.4189
0.003732692,-0.3752
0.003734615,0
0.003736538,0.2149
0.003738462,-0.3973
0.003740385,0.4404
0.003742308,-0.4008
0.003744231,0.4082
0.003746154,-0.4295
0.003748077,0.4082
0.00375,-0.4295
0.003751923,0.414
0.003753846,-0.4018
0.003755769,0.3867
0.003757692,-0.4295
0.003759615,0.4032
0.003761538,-0.3865
0.003763462,0.3867
0.003765385,-0.3968
0.003767308,0.352
0.003769231,-0.4078
0.003771154,0.3652
0.003773077,-0.3597
0.003775,0.3545
0.003776923,-0.3328
0.003778846,0.3385
0.003780769,-0.3534
0.003782692,0.3224
0.003784615,-0.3643
0.003786538,0.3424
0.003788462,-0.3221
0.003790385,0.3223
0.003792308,-0.2899
0.003794231,0.2578
0.003796154,-0.2899
0.003798077,0.2041
0.0038,-0.2202
0.003801923,0.2239
0.003803846,-0.1717
0.003805769,0.2285
0.003807692,-0.1645
0.003809615,0.2578
0.003811538,-0.5
0.003813462,0.1827
0.003815385,0.2793
0.003817308,-0.3436
0.003819231,0.3652
0.003821154,-0.4295
0.003823077,0.4082
0.003825,-0.3758
0.003826923,0.3437
0.003828846,-0.4197
0.003830769,0.4189
0.003832692,-0.3752
0.003834615,0
0.003836538,-0.2149
0.003838462,0.3973
0.003840385,-0.4404
0.003842308,0.4008
0.003844231,-0.4082
0.003846154,0.4295
0.003848077,-0.4082
0.00385,0.4295
0.003851923,-0.414
0.003853846,0.4018
0.003855769,-0.3867
0.003857692,0.4295
0.003859615,-0.4032
0.003861538,0.3865
0.003863462,-0.3867
0.003865385,0.3968
0.003867308,-0.352
0.003869231,0.4078
0.003871154,-0.3652
0.003873077,0.3597
0.003875,-0.3545
0.003876923,0.3328
0.003878846,-0.3385
0.003880769,0.3534
0.003882692,-0.3224
0.003884615,0.3643
0.003886538,-0.3424
0.003888462,0.3221
0.003890385,-0.3223
0.003892308,0.2899
0.003894231,-0.2578
0.003896154,0.2899
0.003898077,-0.2041
0.0039,0.2202
0.003901923,-0.2239
0.003903846,0.1717
0.003905769,-0.2285
0.003907692,0.1645
0.003909615,-0.2578
0.003911538,0.5
0.003913462,-0.1827
0.003915385,-0.2793
0.003917308,0.3436
0.003919231,-0.3652
0.003921154,0.4295
0.003923077,-0.4082
0.003925,0.3758
0.003926923,-0.3437
0.003928846,0.4197
0.003930769,-0.4189
0.003932692,0.3752
0.003934615,0
0.003936538,0.2149
0.003938462,-0.3973
0.003940385,0.4404
0.003942308,-0.4008
0.003944231,0.4082
0.003946154,-0.4295
0.003948077,0.4082
0.00395,-0.4295
0.003951923,0.414
0.003953846,-0.4018
0.003955769,0.3867
0.003957692,-0.4295
0.003959615,0.4032
0.003961538,-0.3865
0.003963462,0.3867
0.003965385,-0.3968
0.003967308,0.352
0.003969231,-0.4078
0.003971154,0.3652
0.003973077,-0.3597
0.003975,0.3545
0.003976923,-0.3328
0.003978846,0.3385
0.003980769,-0.3534
0.003982692,0.3224
0.003984615,-0.3643
0.003986538,0.3424
0.003988462,-0.3221
0.003990385,0.3223
0.003992308,-0.2899
0.003994231,0.2578
0.003996154,-0.2899
0.003998077,0.2041
0.004,-0.2202
0.004001923,0.2239
0.004003846,-0.1717
0.004005769,0.2285
0.004007692,-0.1645
0.004009615,0.2578
0.004011538,-0.5
0.004013462,0.1827
0.004015385,0.2793
0.004017308,-0.3436
0.004019231,0.3652
0.004021154,-0.4295
0.004023077,0.4082
0.004025,-0.3758
0.004026923,0.3437
0.004028846,-0.4197
0.004030769,0.4189
0.004032692,-0.3752
0.004034615,0
0.004036538,0.2149
0.004038462,-0.3973
0.004040385,0.4404
0.004042308,-0.4008
0.004044231,0.4082
0.004046154,-0.4295
0.004048077,0.4082
0.00405,-0.4295
0.004051923,0.414
0.004053846,-0.4018
0.004055769,0.3867
0.004057692,-0.4295
0.004059615,0.4032
0.004061538,-0.3865
0.004063462,0.3867
0.004065385,-0.3968
0.004067308,0.352
0.004069231,-0.4078
0.004071154,0.3652
0.004073077,-0.3597
0.004075,0.3545
0.004076923,-0.3328
0.004078846,0.3385
0.004080769,-0.3534
0.004082692,0.3224
0.004084615,-0.3643
0.004086538,0.3424
0.004088462,-0.3221
0.004090385,0.3223
0.004092308,-0.2899
0.004094231,0.2578
0.004096154,-0.2899
0.004098077,0.2041
0.0041,-0.2202
0.004101923,0.2239
0.004103846,-0.1717
0.004105769,0.2285
0.004107692,-0.1645
0.004109615,0.2578
0.004111538,-0.5
0.004113462,0.1827
0.004115385,0.2793
0.004117308,-0.3436
0.004119231,0.3652
0.004121154,-0.4295
0.004123077,0.4082
0.004125,-0.3758
0.004126923,0.3437
0.004128846,-0.4197
0.004130769,0.4189
0.004132692,-0.3752
0.004134615,0
0.004136538,0.2149
0.004138462,-0.3973
0.004140385,0.4404
0.004142308,-0.4008
0.004144231,0.4082
0.004146154,-0.4295
0.004148077,0.4082
0.00415,-0.4295
0.004151923,0.414
0.004153846,-0.4018
0.004155769,0.3867
0.004157692,-0.4295
0.004159615,0.4032
0.004161538,-0.3865
0.004163462,0.3867
0.004165385,-0.3968
0.004167308,0.352
0.004169231,-0.4078
0.004171154,0.3652
0.004173077,-0.3597
0.004175,0.3545
0.004176923,-0.3328
0.004178846,0.3385
0.004180769,-0.3534
0.004182692,0.3224
0.004184615,-0.3643
0.004186538,0.3424
0.004188462,-0.3221
0.004190385,0.3223
0.004192308,-0.2899
0.004194231,0.2578
0.004196154,-0.2899
0.004198077,0.2041
0.0042,-0.2202
0.004201923,0.2239
0.004203846,-0.1717
0.004205769,0.2285
0.004207692,-0.1645
0.004209615,0.2578
0.004211538,-0.5
0.004213462,0.1827
0.004215385,0.2793
0.004217308,-0.3436
0.004219231,0.3652
0.004221154,-0.4295
0.004223077,0.4082
0.004225,-0.3758
0.004226923,0.3437
0.004228846,-0.4197
0.004230769,0.4189
0.004232692,-0.3752
0.004234615,0
0.004236538,0.2149
0.004238462,-0.3973
0.004240385,0.4404
0.004242308,-0.4008
0.004244231,0.4082
0.004246154,-0.4295
0.004248077,0.4082
0.00425,-0.4295
0.004251923,0.414
0.004253846,-0.4018
0.004255769,0.3867
0.004257692,-0.4295
0.004259615,0.4032
0.004261538,-0.3865
0.004263462,0.3867
0.004265385,-0.3968
0.004267308,0.352
0.004269231,-0.4078
0.004271154,0.3652
0.004273077,-0.3597
0.004275,0.3545
0.004276923,-0.3328
0.004278846,0.3385
0.004280769,-0.3534
0.004282692,0.3224
0.004284615,-0.3643
0.004286538,0.3424
0.004288462,-0.3221
0.004290385,0.3223
0.004292308,-0.2899
0.004294231,0.2578
0.004296154,-0.2899
0.004298077,0.2041
0.0043,-0.2202
0.004301923,0.2239
0.004303846,-0.1717
0.004305769,0.2285
0.004307692,-0.1645
0.004309615,0.2578
0.004311538,-0.5
0.004313462,0.1827
0.004315385,0.2793
0.004317308,-0.3436
0.004319231,0.3652
0.004321154,-0.4295
0.004323077,0.4082
0.004325,-0.3758
0.004326923,0.3437
0.004328846,-0.4197
0.004330769,0.4189
0.004332692,-0.3752
0.004334615,0
0.004336538,0.2149
0.004338462,-0.3973
0.004340385,0.4404
0.004342308,-0.4008
0.004344231,0.4082
0.004346154,-0.4295
0.004348077,0.4082
0.00435,-0.4295
0.004351923,0.414
0.004353846,-0.4018
0.004355769,0.3867
0.004357692,-0.4295
0.004359615,0.4032
0.004361538,-0.3865
0.004363462,0.3867
0.004365385,-0.3968
0.004367308,0.352
0.004369231,-0.4078
0.004371154,0.3652
0.004373077,-0.3597
0.004375,0.3545
0.004376923,-0.3328
0.004378846,0.3385
0.004380769,-0.3534
0.004382692,0.3224
0.004384615,-0.3643
0.004386538,0.3424
0.004388462,-0.3221
0.004390385,0.3223
0.004392308,-0.2899
0.004394231,0.2578
0.004396154,-0.2899
0.004398077,0.2041
0.0044,-0.2202
0.004401923,0.2239
0.004403846,-0.1717
0.004405769,0.2285
0.004407692,-0.1645
0.004409615,0.2578
0.004411538,-0.5
0.004413462,0.1827
0.004415385,0.2793
0.004417308,-0.3436
0.004419231,0.3652
0.004421154,-0.4295
0.004423077,0.4082
0.004425,-0.3758
0.004426923,0.3437
0.004428846,-0.4197
0.004430769,0.4189
0.004432692,-0.3752
0.004434615,0
0.004436538,0.2149
0.004438462,-0.3973
0.004440385,0.4404
0.004442308,-0.4008
0.004444231,0.4082
0.004446154,-0.4295
0.004448077,0.4082
0.00445,-0.4295
0.004451923,0.414
0.004453846,-0.4018
0.004455769,0.3867
0.004457692,-0.4295
0.004459615,0.4032
0.004461538,-0.3865
0.004463462,0.3867
0.004465385,-0.3968
0.004467308,0.352
0.004469231,-0.4078
0.004471154,0.3652
0.004473077,-0.3597
0.004475,0.3545
0.004476923,-0.3328
0.004478846,0.3385
0.004480769,-0.3534
0.004482692,0.3224
0.004484615,-0.3643
0.004486538,0.3424
0.004488462,-0.3221
0.004490385,0.3223
0.004492308,-0.2899
0.004494231,0.2578
0.004496154,-0.2899
0.004498077,0.2041
0.0045,-0.2202
0.004501923,0.2239
0.004503846,-0.1717
0.004505769,0.2285
0.004507692,-0.1645
0.004509615,0.2578
0.004511538,-0.5
0.004513462,0.1827
0.004515385,0.2793
0.004517308,-0.3436
0.004519231,0.3652
0.004521154,-0.4295
0.004523077,0.4082
0.004525,-0.3758
0.004526923,0.3437
0.004528846,-0.4197
0.004530769,0.4189
0.004532692,-0.3752
0.004534615,0
0.004536538,0.2149
0.004538462,-0.3973
0.004540385,0.4404
0.004542308,-0.4008
0.004544231,0.4082
0.004546154,-0.4295
0.004548077,0.4082
0.00455,-0.4295
0.004551923,0.414
0.004553846,-0.4018
0.004555769,0.3867
0.004557692,-0.4295
0.004559615,0.4032
0.004561538,-0.3865
0.004563462,0.3867
0.004565385,-0.3968
0.004567308,0.352
0.004569231,-0.4078
0.004571154,0.3652
0.004573077,-0.3597
0.004575,0.3545
0.004576923,-0.3328
0.004578846,0.3385
0.004580769,-0.3534
0.004582692,0.3224
0.004584615,-0.3643
0.004586538,0.3424
0.004588462,-0.3221
0.004590385,0.3223
0.004592308,-0.2899
0.004594231,0.2578
0.004596154,-0.2899
0.004598077,0.2041
0.0046,-0.2202
0.004601923,0.2239
0.004603846,-0.1717
0.004605769,0.2285
0.004607692,-0.1645
0.004609615,0.2578
0.004611538,-0.5
0.004613462,0.1827
0.004615385,0.2793
0.004617308,-0.3436
0.004619231,0.3652
0.004621154,-0.4295
0.004623077,0.4082
0.004625,-0.3758
0.004626923,0.3437
0.004628846,-0.4197
0.004630769,0.4189
0.004632692,-0.3752
0.004634615,0
0.004636538,0.2149
0.004638462,-0.3973
0.004640385,0.4404
0.004642308,-0.4008
0.004644231,0.4082
0.004646154,-0.4295
0.004648077,0.4082
0.00465,-0.4295
0.004651923,0.414
0.004653846,-0.4018
0.004655769,0.3867
0.004657692,-0.4295
0.004659615,0.4032
0.004661538,-0.3865
0.004663462,0.3867
0.004665385,-0.3968
0.004667308,0.352
0.004669231,-0.4078
0.004671154,0.3652
0.004673077,-0.3597
0.004675,0.3545
0.004676923,-0.3328
0.004678846,0.3385
0.004680769,-0.3534
0.004682692,0.3224
0.004684615,-0.3643
0.004686538,0.3424
0.004688462,-0.3221
0.004690385,0.3223
0.004692308,-0.2899
0.004694231,0.2578
0.004696154,-0.2899
0.004698077,0.2041
0.0047,-0.2202
0.004701923,0.2239
0.004703846,-0.1717
0.004705769,0.2285
0.004707692,-0.1645
0.004709615,0.2578
0.004711538,-0.5
0.004713462,0.1827
0.004715385,0.2793
0.004717308,-0.3436
0.004719231,0.3652
0.004721154,-0.4295
0.004723077,0.4082
0.004725,-0.3758
0.004726923,0.3437
0.004728846,-0.4197
0.004730769,0.4189
0.004732692,-0.3752
0.004734615,0
0.004736538,0.2149
0.004738462,-0.3973
0.004740385,0.4404
0.004742308,-0.4008
0.004744231,0.4082
0.004746154,-0.4295
0.004748077,0.4082
0.00475,-0.4295
0.004751923,0.414
0.004753846,-0.4018
0.004755769,0.3867
0.004757692,-0.4295
0.004759615,0.4032
0.004761538,-0.3865
0.004763462,0.3867
0.004765385,-0.3968
0.004767308,0.352
0.004769231,-0.4078
0.004771154,0.3652
0.004773077,-0.3597
0.004775,0.3545
0.004776923,-0.3328
0.004778846,0.3385
0.004780769,-0.3534
0.004782692,0.3224
0.004784615,-0.3643
0.004786538,0.3424
0.004788462,-0.3221
0.004790385,0.3223
0.004792308,-0.2899
0.004794231,0.2578
0.004796154,-0.2899
0.004798077,0.2041
0.0048,-0.2202
0.004801923,0.2239
0.004803846,-0.1717
0.004805769,0.2285
0.004807692,-0.1645
0.004809615,0.2578
0.004811538,-0.5
0.004813462,0.1827
0.004815385,0.2793
0.004817308,-0.3436
0.004819231,0.3652
0.004821154,-0.4295
0.004823077,0.4082
0.004825,-0.3758
0.004826923,0.3437
0.004828846,-0.4197
0.004830769,0.4189
0.004832692,-0.3752
0.004834615,0
0.004836538,-0.2149
0.004838462,0.3973
0.004840385,-0.4404
0.004842308,0.4008
0.004844231,-0.4082
0.004846154,0.4295
0.004848077,-0.4082
0.00485,0.4295
0.004851923,-0.414
0.004853846,0.4018
0.004855769,-0.3867
0.004857692,0.4295
0.004859615,-0.4032
0.004861538,0.3865
0.004863462,-0.3867
0.004865385,0.3968
0.004867308,-0.352
0.004869231,0.4078
0.004871154,-0.3652
0.004873077,0.3597
0.004875,-0.3545
0.004876923,0.3328
0.004878846,-0.3385
0.004880769,0.3534
0.004882692,-0.3224
0.004884615,0.3643
0.004886538,-0.3424
0.004888462,0.3221
0.004890385,-0.3223
0.004892308,0.2899
0.004894231,-0.2578
0.004896154,0.2899
0.004898077,-0.2041
0.0049,0.2202
0.004901923,-0.2239
0.004903846,0.1717
0.004905769,-0.2285
0.004907692,0.1645
0.004909615,-0.2578
0.004911538,0.5
0.004913462,-0.1827
0.004915385,-0.2793
0.004917308,0.3436
0.004919231,-0.3652
0.004921154,0.4295
0.004923077,-0.4082
0.004925,0.3758
0.004926923,-0.3437
0.004928846,0.4197
0.004930769,-0.4189
0.004932692,0.3752
0.004934615,0
0.004936538,-0.2149
0.004938462,0.3973
0.004940385,-0.4404
0.004942308,0.4008
0.004944231,-0.4082
0.004946154,0.4295
0.004948077,-0.4082
0.00495,0.4295
0.004951923,-0.414
0.004953846,0.4018
0.004955769,-0.3867
0.004957692,0.4295
0.004959615,-0.4032
0.004961538,0.3865
0.004963462,-0.3867
0.004965385,0.3968
0.004967308,-0.352
0.004969231,0.4078
0.004971154,-0.3652
0.004973077,0.3597
0.004975,-0.3545
0.004976923,0.3328
0.004978846,-0.3385
0.004980769,0.3534
0.004982692,-0.3224
0.004984615,0.3643
0.004986538,-0.3424
0.004988462,0.3221
0.004990385,-0.3223
0.004992308,0.2899
0.004994231,-0.2578
0.004996154,0.2899
0.004998077,-0.2041
0.005,0.2202
0.005001923,-0.2239
0.005003846,0.1717
0.005005769,-0.2285
0.005007692,0.1645
0.005009615,-0.2578
0.005011538,0.5
0.005013462,-0.1827
0.005015385,-0.2793
0.005017308,0.3436
0.005019231,-0.3652
0.005021154,0.4295
0.005023077,-0.4082
0.005025,0.3758
0.005026923,-0.3437
0.005028846,0.4197
0.005030769,-0.4189
0.005032692,0.3752
0.005034615,0
0.005036538,-0.2149
0.005038462,0.3973
0.005040385,-0.4404
0.005042308,0.4008
0.005044231,-0.4082
0.005046154,0.4295
0.005048077,-0.4082
0.00505,0.4295
0.005051923,-0.414
0.005053846,0.4018
0.005055769,-0.3867
0.005057692,0.4295
0.005059615,-0.4032
0.005061538,0.3865
0.005063462,-0.3867
0.005065385,0.3968
0.005067308,-0.352
0.005069231,0.4078
0.005071154,-0.3652
0.005073077,0.3597
0.005075,-0.3545
0.005076923,0.3328
0.005078846,-0.3385
0.005080769,0.3534
0.005082692,-0.3224
0.005084615,0.3643
0.005086538,-0.3424
0.005088462,0.3221
0.005090385,-0.3223
0.005092308,0.2899
0.005094231,-0.2578
0.005096154,0.2899
0.005098077,-0.2041
0.0051,0.2202
0.005101923,-0.2239
0.005103846,0.1717
0.005105769,-0.2285
0.005107692,0.1645
0.005109615,-0.2578
0.005111538,0.5
0.005113462,-0.1827
0.005115385,-0.2793
0.005117308,0.3436
0.005119231,-0.3652
0.005121154,0.4295
0.005123077,-0.4082
0.005125,0.3758
0.005126923,-0.3437
0.005128846,0.4197
0.005130769,-0.4189
0.005132692,0.3752
0.005134615,0
0.005136538,-0.2149
0.005138462,0.3973
0.005140385,-0.4404
0.005142308,0.4008
0.005144231,-0.4082
0.005146154,0.4295
0.005148077,-0.4082
0.00515,0.4295
0.005151923,-0.414
0.005153846,0.4018
0.005155769,-0.3867
0.005157692,0.4295
0.005159615,-0.4032
0.005161538,0.3865
0.005163462,-0.3867
0.005165385,0.3968
0.005167308,-0.352
0.005169231,0.4078
0.005171154,-0.3652
0.005173077,0.3597
0.005175,-0.3545
0.005176923,0.3328
0.005178846,-0.3385
0.005180769,0.3534
0.005182692,-0.3224
0.005184615,0.3643
0.005186538,-0.3424
0.005188462,0.3221
0.005190385,-0.3223
0.005192308,0.2899
0.005194231,-0.2578
0.005196154,0.2899
0.005198077,-0.2041
0.0052,0.2202
0.005201923,-0.2239
0.005203846,0.1717
0.005205769,-0.2285
0.005207692,0.1645
0.005209615,-0.2578
0.005211538,0.5
0.005213462,-0.1827
0.005215385,-0.2793
0.005217308,0.3436
0.005219231,-0.3652
0.005221154,0.4295
0.005223077,-0.4082
0.005225,0.3758
0.005226923,-0.3437
0.005228846,0.4197
0.005230769,-0.4189
0.005232692,0.3752
0.005234615,0
0.005236538,-0.2149
0.005238462,0.3973
0.005240385,-0.4404
0.005242308,0.4008
0.005244231,-0.4082
0.005246154,0.4295
0.005248077,-0.4082
0.00525,0.4295
0.005251923,-0.414
0.005253846,0.4018
0.005255769,-0.3867
0.005257692,0.4295
0.005259615,-0.4032
0.005261538,0.3865
0.005263462,-0.3867
0.005265385,0.3968
0.005267308,-0.352
0.005269231,0.4078
0.005271154,-0.3652
0.005273077,0.3597
0.005275,-0.3545
0.005276923,0.3328
0.005278846,-0.3385
0.005280769,0.3534
0.005282692,-0.3224
0.005284615,0.3643
0.005286538,-0.3424
0.005288462,0.3221
0.005290385,-0.3223
0.005292308,0.2899
0.005294231,-0.2578
0.005296154,0.2899
0.005298077,-0.2041
0.0053,0.2202
0.005301923,-0.2239
0.005303846,0.1717
0.005305769,-0.2285
0.005307692,0.1645
0.005309615,-0.2578
0.005311538,0.5
0.005313462,-0.1827
0.005315385,-0.2793
0.005317308,0.3436
0.005319231,-0.3652
0.005321154,0.4295
0.005323077,-0.4082
0.005325,0.3758
0.005326923,-0.3437
0.005328846,0.4197
0.005330769,-0.4189
0.005332692,0.3752
0.005334615,0
0.005336538,-0.2149
0.005338462,0.3973
0.005340385,-0.4404
0.005342308,0.4008
0.005344231,-0.4082
0.005346154,0.4295
0.005348077,-0.4082
0.00535,0.4295
0.005351923,-0.414
0.005353846,0.4018
0.005355769,-0.3867
0.005357692,0.4295
0.005359615,-0.4032
0.005361538,0.3865
0.005363462,-0.3867
0.005365385,0.3968
0.005367308,-0.352
0.005369231,0.4078
0.005371154,-0.3652
0.005373077,0.3597
0.005375,-0.3545
0.005376923,0.3328
0.005378846,-0.3385
0.005380769,0.3534
0.005382692,-0.3224
0.005384615,0.3643
0.005386538,-0.3424
0.005388462,0.3221
0.005390385,-0.3223
0.005392308,0.2899
0.005394231,-0.2578
0.005396154,0.2899
0.005398077,-0.2041
0.0054,0.2202
0.005401923,-0.2239
0.005403846,0.1717
0.005405769,-0.2285
0.005407692,0.1645
0.005409615,-0.2578
0.005411538,0.5
0.005413462,-0.1827
0.005415385,-0.2793
0.005417308,0.3436
0.005419231,-0.3652
0.005421154,0.4295
0.005423077,-0.4082
0.005425,0.3758
0.005426923,-0.3437
0.005428846,0.4197
0.005430769,-0.4189
0.005432692,0.3752
0.005434615,0
0.005436538,-0.2149
0.005438462,0.3973
0.005440385,-0.4404
0.005442308,0.4008
0.005444231,-0.4082
0.005446154,0.4295
0.005448077,-0.4082
0.00545,0.4295
0.005451923,-0.414
0.005453846,0.4018
0.005455769,-0.3867
0.005457692,0.4295
0.005459615,-0.4032
0.005461538,0.3865
0.005463462,-0.3867
0.005465385,0.3968
0.005467308,-0.352
0.005469231,0.4078
0.005471154,-0.3652
0.005473077,0.3597
0.005475,-0.3545
0.005476923,0.3328
0.005478846,-0.3385
0.005480769,0.3534
0.005482692,-0.3224
0.005484615,0.3643
0.005486538,-0.3424
0.005488462,0.3221
0.005490385,-0.3223
0.005492308,0.2899
0.005494231,-0.2578
0.005496154,0.2899
0.005498077,-0.2041
0.0055,0.2202
0.005501923,-0.2239
0.005503846,0.1717
0.005505769,-0.2285
0.005507692,0.1645
0.005509615,-0.2578
0.005511538,0.5
0.005513462,-0.1827
0.005515385,-0.2793
0.005517308,0.3436
0.005519231,-0.3652
0.005521154,0.4295
0.005523077,-0.4082
0.005525,0.3758
0.005526923,-0.3437
0.005528846,0.4197
0.005530769,-0.4189
0.005532692,0.3752
